{"cameraMode":{"drawMode":0,"name":"Shaded","section":"Shading Mode"},"sceneLighting":true,"audioPlay":false,"sceneViewState":{"showFog":false,"showMaterialUpdate":false,"showSkybox":false,"showFlares":false,"showImageEffects":false,"showParticleSystems":false},"in2DMode":false,"pivot":{"x":-3.4280271530151369,"y":1.1415016651153565,"z":5.3046956062316898},"rotation":{"x":-0.021307960152626039,"y":0.0005970321362838149,"z":-0.000012692783457168844,"w":-0.9997727870941162},"size":8.901123046875,"orthographic":false}