{"cameraMode":{"drawMode":0,"name":"Shaded","section":"Shading Mode"},"sceneLighting":false,"audioPlay":false,"sceneViewState":{"showFog":false,"showMaterialUpdate":false,"showSkybox":false,"showFlares":false,"showImageEffects":false,"showParticleSystems":false},"in2DMode":false,"pivot":{"x":17.209999084472658,"y":2.0999557971954347,"z":0.045748770236968997},"rotation":{"x":-0.10358304530382157,"y":0.027444619685411454,"z":-0.002859084401279688,"w":-0.994238018989563},"size":6.911750316619873,"orthographic":false}