{"cameraMode":{"drawMode":0,"name":"Shaded","section":"Shading Mode"},"sceneLighting":true,"audioPlay":false,"sceneViewState":{"showFog":false,"showMaterialUpdate":false,"showSkybox":false,"showFlares":false,"showImageEffects":false,"showParticleSystems":false},"in2DMode":false,"pivot":{"x":-4.378599643707275,"y":1.2126178741455079,"z":-1.3970577716827393},"rotation":{"x":-0.06766994297504425,"y":0.5270420908927918,"z":-0.04215244576334953,"w":-0.8460914492607117},"size":2.978405475616455,"orthographic":false}