{"cameraMode":{"drawMode":0,"name":"Shaded","section":"Shading Mode"},"sceneLighting":true,"audioPlay":false,"sceneViewState":{"showFog":true,"showMaterialUpdate":false,"showSkybox":true,"showFlares":true,"showImageEffects":true,"showParticleSystems":true},"in2DMode":false,"pivot":{"x":-8.382612228393555,"y":-8.95419692993164,"z":22.919666290283204},"rotation":{"x":-0.19560366868972779,"y":0.20339137315750123,"z":-0.041506752371788028,"w":-0.9584614634513855},"size":42.33106231689453,"orthographic":false}