{"cameraMode":{"drawMode":0,"name":"Shaded","section":"Shading Mode"},"sceneLighting":true,"audioPlay":false,"sceneViewState":{"showFog":false,"showMaterialUpdate":false,"showSkybox":false,"showFlares":false,"showImageEffects":false,"showParticleSystems":false},"in2DMode":false,"pivot":{"x":-8.039522171020508,"y":0.758417546749115,"z":1.7481321096420289},"rotation":{"x":-0.11906098574399948,"y":0.35412803292274477,"z":-0.04550899565219879,"w":-0.9264707565307617},"size":7.063901424407959,"orthographic":false}