{"cameraMode":{"drawMode":0,"name":"Shaded","section":"Shading Mode"},"sceneLighting":true,"audioPlay":false,"sceneViewState":{"showFog":false,"showMaterialUpdate":false,"showSkybox":false,"showFlares":false,"showImageEffects":false,"showParticleSystems":false},"in2DMode":false,"pivot":{"x":1.100343942642212,"y":2.7059268951416017,"z":-4.778342247009277},"rotation":{"x":-0.10059972107410431,"y":-0.027757398784160615,"z":0.0028078032191842796,"w":-0.9945352673530579},"size":8.803797721862793,"orthographic":false}