{"cameraMode":{"drawMode":0,"name":"Shaded","section":"Shading Mode"},"sceneLighting":false,"audioPlay":false,"sceneViewState":{"showFog":false,"showMaterialUpdate":false,"showSkybox":false,"showFlares":false,"showImageEffects":false,"showParticleSystems":false},"in2DMode":false,"pivot":{"x":-8.95183277130127,"y":4.608271598815918,"z":-0.862060546875},"rotation":{"x":-0.12838515639305116,"y":0.09268064051866532,"z":-0.012051664292812348,"w":-0.987311601638794},"size":4.808026313781738,"orthographic":false}