{"cameraMode":{"drawMode":0,"name":"Shaded","section":"Shading Mode"},"sceneLighting":false,"audioPlay":false,"sceneViewState":{"showFog":false,"showMaterialUpdate":false,"showSkybox":false,"showFlares":false,"showImageEffects":false,"showParticleSystems":false},"in2DMode":false,"pivot":{"x":-10.40999984741211,"y":0.20200002193450929,"z":-1.0080000162124634},"rotation":{"x":0.2256564199924469,"y":-0.07499301433563233,"z":0.017432017251849176,"w":0.971159815788269},"size":4.041661739349365,"orthographic":false}