{"cameraMode":{"drawMode":0,"name":"Shaded","section":"Shading Mode"},"sceneLighting":false,"audioPlay":false,"sceneViewState":{"showFog":false,"showMaterialUpdate":false,"showSkybox":false,"showFlares":false,"showImageEffects":false,"showParticleSystems":false},"in2DMode":false,"pivot":{"x":0.3099999725818634,"y":1.0709999799728394,"z":-1.053398609161377},"rotation":{"x":0.3124014139175415,"y":-0.16462422907352448,"z":0.055094778537750247,"w":0.933955192565918},"size":5.540827751159668,"orthographic":false}