{"cameraMode":{"drawMode":0,"name":"Shaded","section":"Shading Mode"},"sceneLighting":false,"audioPlay":false,"sceneViewState":{"showFog":false,"showMaterialUpdate":false,"showSkybox":false,"showFlares":false,"showImageEffects":false,"showParticleSystems":false},"in2DMode":false,"pivot":{"x":-7.310372352600098,"y":0.9824845790863037,"z":0.0266268253326416},"rotation":{"x":0.10511128604412079,"y":-0.0037771884817630054,"z":0.0003978436579927802,"w":0.994454026222229},"size":4.503124237060547,"orthographic":false}