{"cameraMode":{"drawMode":0,"name":"Shaded","section":"Shading Mode"},"sceneLighting":true,"audioPlay":false,"sceneViewState":{"showFog":false,"showMaterialUpdate":false,"showSkybox":false,"showFlares":false,"showImageEffects":false,"showParticleSystems":false},"in2DMode":false,"pivot":{"x":-8.042186737060547,"y":-0.7826873064041138,"z":4.413772106170654},"rotation":{"x":-0.15558746457099915,"y":0.2666454315185547,"z":-0.04366317018866539,"w":-0.9501512050628662},"size":9.813185691833496,"orthographic":false}