{"cameraMode":{"drawMode":0,"name":"Shaded","section":"Shading Mode"},"sceneLighting":false,"audioPlay":false,"sceneViewState":{"showFog":false,"showMaterialUpdate":false,"showSkybox":false,"showFlares":false,"showImageEffects":false,"showParticleSystems":false},"in2DMode":false,"pivot":{"x":-11.387999534606934,"y":0.21999996900558473,"z":-1.0200001001358033},"rotation":{"x":-0.2926078736782074,"y":0.211982861161232,"z":-0.06669285148382187,"w":-0.9300534725189209},"size":4.041662693023682,"orthographic":false}