{"cameraMode":{"drawMode":0,"name":"Shaded","section":"Shading Mode"},"sceneLighting":true,"audioPlay":false,"sceneViewState":{"showFog":false,"showMaterialUpdate":false,"showSkybox":false,"showFlares":false,"showImageEffects":false,"showParticleSystems":false},"in2DMode":false,"pivot":{"x":-12.145147323608399,"y":0.3966491222381592,"z":-0.9403069019317627},"rotation":{"x":0.21940189599990846,"y":-0.47917506098747256,"z":0.12506741285324098,"w":0.8406023383140564},"size":4.879580497741699,"orthographic":false}