{"cameraMode":{"drawMode":0,"name":"Shaded","section":"Shading Mode"},"sceneLighting":false,"audioPlay":false,"sceneViewState":{"showFog":false,"showMaterialUpdate":false,"showSkybox":false,"showFlares":false,"showImageEffects":false,"showParticleSystems":false},"in2DMode":false,"pivot":{"x":-7.7166900634765629,"y":5.093307018280029,"z":-0.4975348711013794},"rotation":{"x":-0.12838515639305116,"y":0.09268064051866532,"z":-0.012051664292812348,"w":-0.987311601638794},"size":14.454880714416504,"orthographic":false}