{"cameraMode":{"drawMode":0,"name":"Shaded","section":"Shading Mode"},"sceneLighting":true,"audioPlay":false,"sceneViewState":{"showFog":false,"showMaterialUpdate":false,"showSkybox":false,"showFlares":false,"showImageEffects":false,"showParticleSystems":false},"in2DMode":false,"pivot":{"x":3.908296585083008,"y":1.249178409576416,"z":0.05875122547149658},"rotation":{"x":0.15502183139324189,"y":-0.3473668694496155,"z":0.058481473475694659,"w":0.9229758381843567},"size":1.9562715291976929,"orthographic":false}