{"cameraMode":{"drawMode":0,"name":"Shaded","section":"Shading Mode"},"sceneLighting":true,"audioPlay":false,"sceneViewState":{"showFog":false,"showMaterialUpdate":false,"showSkybox":false,"showFlares":false,"showImageEffects":false,"showParticleSystems":false},"in2DMode":false,"pivot":{"x":-8.064396858215332,"y":0.8710851669311523,"z":3.908733367919922},"rotation":{"x":0.15715254843235017,"y":0.006816902197897434,"z":-0.0010848239762708545,"w":0.9875502586364746},"size":17.09221839904785,"orthographic":false}