{"cameraMode":{"drawMode":0,"name":"Shaded","section":"Shading Mode"},"sceneLighting":false,"audioPlay":false,"sceneViewState":{"showFog":false,"showMaterialUpdate":false,"showSkybox":false,"showFlares":false,"showImageEffects":false,"showParticleSystems":false},"in2DMode":false,"pivot":{"x":-13.741839408874512,"y":3.407274007797241,"z":-0.786309003829956},"rotation":{"x":0.07930769771337509,"y":-0.15114793181419373,"z":0.012441455386579037,"w":0.9852505326271057},"size":1.9718589782714844,"orthographic":false}