{"cameraMode":{"drawMode":0,"name":"Shaded","section":"Shading Mode"},"sceneLighting":false,"audioPlay":false,"sceneViewState":{"showFog":false,"showMaterialUpdate":false,"showSkybox":false,"showFlares":false,"showImageEffects":false,"showParticleSystems":false},"in2DMode":false,"pivot":{"x":-11.887999534606934,"y":0.2200000137090683,"z":-1.0199999809265137},"rotation":{"x":0.10940808802843094,"y":-0.23387275636196137,"z":0.026495441794395448,"w":0.9657284617424011},"size":2.8578851222991945,"orthographic":false}