{"cameraMode":{"drawMode":0,"name":"Shaded","section":"Shading Mode"},"sceneLighting":false,"audioPlay":false,"sceneViewState":{"showFog":false,"showMaterialUpdate":false,"showSkybox":false,"showFlares":false,"showImageEffects":false,"showParticleSystems":false},"in2DMode":false,"pivot":{"x":-14.145430564880371,"y":1.1652907133102418,"z":-4.208903789520264},"rotation":{"x":0.11319269239902497,"y":-0.507266104221344,"z":0.0679124966263771,"w":0.8516272902488709},"size":3.031470537185669,"orthographic":false}