{"cameraMode":{"drawMode":0,"name":"Shaded","section":"Shading Mode"},"sceneLighting":true,"audioPlay":false,"sceneViewState":{"showFog":false,"showMaterialUpdate":false,"showSkybox":false,"showFlares":false,"showImageEffects":false,"showParticleSystems":false},"in2DMode":false,"pivot":{"x":-13.77459716796875,"y":12.84228515625,"z":-2.350341796875},"rotation":{"x":0.16344080865383149,"y":0.03695036098361015,"z":-0.005569937638938427,"w":0.9858793020248413},"size":2.211721897125244,"orthographic":true}