{"cameraMode":{"drawMode":0,"name":"Shaded","section":"Shading Mode"},"sceneLighting":false,"audioPlay":false,"sceneViewState":{"showFog":false,"showMaterialUpdate":false,"showSkybox":false,"showFlares":false,"showImageEffects":false,"showParticleSystems":false},"in2DMode":false,"pivot":{"x":-13.912583351135254,"y":3.340000867843628,"z":-1.4101585149765015},"rotation":{"x":0.20930230617523194,"y":-0.00360621465370059,"z":0.0010490554850548506,"w":0.9778465032577515},"size":0.7718589901924133,"orthographic":false}