{"cameraMode":{"drawMode":0,"name":"Shaded","section":"Shading Mode"},"sceneLighting":false,"audioPlay":false,"sceneViewState":{"showFog":false,"showMaterialUpdate":false,"showSkybox":false,"showFlares":false,"showImageEffects":false,"showParticleSystems":false},"in2DMode":false,"pivot":{"x":-14.4849271774292,"y":12.430853843688965,"z":-0.5790281295776367},"rotation":{"x":0.09614470601081848,"y":-0.01093920785933733,"z":0.0010812584077939392,"w":0.9953073263168335},"size":2.1609597206115724,"orthographic":false}