{"cameraMode":{"drawMode":0,"name":"Shaded","section":"Shading Mode"},"sceneLighting":false,"audioPlay":false,"sceneViewState":{"showFog":false,"showMaterialUpdate":false,"showSkybox":false,"showFlares":false,"showImageEffects":false,"showParticleSystems":false},"in2DMode":false,"pivot":{"x":-14.5,"y":12.440853118896485,"z":-0.5887153148651123},"rotation":{"x":0.10658468306064606,"y":0.02028484456241131,"z":-0.0021749669685959818,"w":0.99409419298172},"size":2.55637788772583,"orthographic":false}