{"cameraMode":{"drawMode":0,"name":"Shaded","section":"Shading Mode"},"sceneLighting":false,"audioPlay":false,"sceneViewState":{"showFog":false,"showMaterialUpdate":false,"showSkybox":false,"showFlares":false,"showImageEffects":false,"showParticleSystems":false},"in2DMode":false,"pivot":{"x":-0.04337101802229881,"y":3.558137893676758,"z":0.6190223693847656},"rotation":{"x":-0.08700183033943176,"y":0.19358666241168977,"z":-0.01723766326904297,"w":-0.9770689010620117},"size":0.0772310271859169,"orthographic":false}